path	animationId
Workspace.Military.Industrial Port.Brutus.Animations.Idle	rbxassetid://10976840199
Workspace.Military.Industrial Port.Brutus.Animations.Sprint	rbxassetid://10976869491
Workspace.Military.Industrial Port.Brutus.Animations.Forward	rbxassetid://10976858264
Workspace.VFX.Ragdolls.benjamin20021342637.Humanoid.Hit	rbxassetid://12295196614
Workspace.Animals.PREFAB_ANIMAL_DEER.Detail.Animations.Run	rbxassetid://12611991969
Workspace.Animals.PREFAB_ANIMAL_DEER.Detail.Animations.Spook	rbxassetid://12612385659
Workspace.Animals.PREFAB_ANIMAL_DEER.Detail.Animations.Idle	rbxassetid://12611998126
Workspace.Animals.PREFAB_ANIMAL_DEER.Detail.Animations.Spook	rbxassetid://12612385659
Workspace.Animals.PREFAB_ANIMAL_DEER.Detail.Animations.Idle	rbxassetid://12611998126
Workspace.Animals.PREFAB_ANIMAL_DEER.Detail.Animations.Run	rbxassetid://12611991969
Workspace.Animals.PREFAB_ANIMAL_DEER.Detail.Animations.Spook	rbxassetid://12612385659
Workspace.Animals.PREFAB_ANIMAL_DEER.Detail.Animations.Idle	rbxassetid://12611998126
Workspace.Animals.PREFAB_ANIMAL_DEER.Detail.Animations.Run	rbxassetid://12611991969
Workspace.Animals.PREFAB_ANIMAL_WILDBOAR.Detail.Animations.Idle	rbxassetid://12796825032
Workspace.Animals.PREFAB_ANIMAL_WILDBOAR.Detail.Animations.AttackIdle	rbxassetid://12795190660
Workspace.Animals.PREFAB_ANIMAL_WILDBOAR.Detail.Animations.Run	rbxassetid://12795187717
Workspace.Animals.PREFAB_ANIMAL_WILDBOAR.Detail.Animations.Attack	rbxassetid://12795184400
Workspace.Bases.Loners.Diver Dave.Diver Dave.IdleAnim	rbxassetid://10976840199
Workspace.Bases.Loners.Sleeper.Sleeper.SleepAnim	rbxassetid://2889482101
Workspace.Bases.Loners.Sleeper.Sleeper.SleepAnim	rbxassetid://2889482101
Workspace.Bases.Loners.Sleeper.Sleeper.SleepAnim	rbxassetid://2889482101
Workspace.Bases.Loners.Sleeper.Sleeper.SleepAnim	rbxassetid://2889482101
Workspace.Bases.Loners.Sleeper.Sleeper.SleepAnim	rbxassetid://2889482101
Workspace.Bases.Loners.Sleeper.Sleeper.SleepAnim	rbxassetid://2889482101
Workspace.Bases.Loners.Sleeper.Sleeper.SleepAnim	rbxassetid://2889482101
Workspace.Bases.Loners.Sleeper.Sleeper.SleepAnim	rbxassetid://2889482101
Workspace.Bases.Loners.Sleeper.Sleeper.SleepAnim	rbxassetid://2889482101
Workspace.Bases.Loners.Sleeper.Sleeper.SleepAnim	rbxassetid://2889482101
Workspace.Bases.Loners.Sleeper.Sleeper.SleepAnim	rbxassetid://2889482101
Workspace.Bases.Loners.Sleeper.Sleeper.SleepAnim	rbxassetid://2889482101
Workspace.Bases.Loners.Contents.Contents.Animations.Forward	rbxassetid://10976858264
Workspace.Bases.Loners.Contents.Contents.Animations.Idle	rbxassetid://10976840199
Workspace.Bases.Loners.Contents.Contents.Animations.Sprint	rbxassetid://10976869491
Workspace.Bases.Loners.Contents.Contents.Animations.Idle	rbxassetid://10976840199
Workspace.Bases.Loners.Contents.Contents.Animations.Forward	rbxassetid://10976858264
Workspace.Bases.Loners.Contents.Contents.Animations.Sprint	rbxassetid://10976869491
ReplicatedStorage.Benches.Auto Turret.Default.Animation	rbxassetid://89167396213866
ReplicatedStorage.Benches.Water Turbine.Default.SpinAnimation	rbxassetid://123000349120728
ReplicatedStorage.Benches.Sleeper.Default.SleepAnim	rbxassetid://2889482101
ReplicatedStorage.Benches.Windmill.Default.SpinAnimation	rbxassetid://109026981614993
ReplicatedStorage.Benches.Pilot Pete.Default.IdleAnim	rbxassetid://10976840199
ReplicatedStorage.Benches.Cow Pasture.Default.Cow.AnimationController.Idle	rbxassetid://17513186751
ReplicatedStorage.Benches.Diver Dave.Default.IdleAnim	rbxassetid://10976840199
ReplicatedStorage.Modules.ViewportModule.Idle	rbxassetid://10976840199
ReplicatedStorage.VMs.Stone Pickaxe.GlobalAnims.Equip	rbxassetid://12404717807
ReplicatedStorage.VMs.Stone Pickaxe.GlobalAnims.Idle	rbxassetid://12404519685
ReplicatedStorage.VMs.Stone Pickaxe.GlobalAnims.Throw	rbxassetid://12404755793
ReplicatedStorage.VMs.Stone Pickaxe.GlobalAnims.Aim	rbxassetid://12404755793
ReplicatedStorage.VMs.Stone Pickaxe.GlobalAnims.Swing1	rbxassetid://12404582634
ReplicatedStorage.VMs.Stone Pickaxe.GlobalAnims.Swing2	rbxassetid://12404586561
ReplicatedStorage.VMs.Stone Pickaxe.CameraAnims.Equip	rbxassetid://13824449779
ReplicatedStorage.VMs.Stone Pickaxe.LocalAnims.Hit	rbxassetid://11254599050
ReplicatedStorage.VMs.Stone Pickaxe.LocalAnims.Idle	rbxassetid://11254603653
ReplicatedStorage.VMs.Stone Pickaxe.LocalAnims.Inspect	rbxassetid://11254610632
ReplicatedStorage.VMs.Stone Pickaxe.LocalAnims.ThrowWindup	rbxassetid://12087089666
ReplicatedStorage.VMs.Stone Pickaxe.LocalAnims.Miss	rbxassetid://12097635857
ReplicatedStorage.VMs.Stone Pickaxe.LocalAnims.Equip	rbxassetid://11254620945
ReplicatedStorage.VMs.Stone Pickaxe.LocalAnims.Throw	rbxassetid://12086968738
ReplicatedStorage.VMs.Stone Pickaxe.LocalAnims.Windup	rbxassetid://11254713577
ReplicatedStorage.VMs.Stone Pickaxe.LocalAnims.ThrowHold	rbxassetid://12315210121
ReplicatedStorage.VMs.Stone Hatchet.LocalAnims.Hit	rbxassetid://11254599050
ReplicatedStorage.VMs.Stone Hatchet.LocalAnims.Idle	rbxassetid://11254603653
ReplicatedStorage.VMs.Stone Hatchet.LocalAnims.Inspect	rbxassetid://11254610632
ReplicatedStorage.VMs.Stone Hatchet.LocalAnims.ThrowWindup	rbxassetid://12087089666
ReplicatedStorage.VMs.Stone Hatchet.LocalAnims.Miss	rbxassetid://12097635857
ReplicatedStorage.VMs.Stone Hatchet.LocalAnims.Equip	rbxassetid://11254620945
ReplicatedStorage.VMs.Stone Hatchet.LocalAnims.Throw	rbxassetid://12086968738
ReplicatedStorage.VMs.Stone Hatchet.LocalAnims.Windup	rbxassetid://11254713577
ReplicatedStorage.VMs.Stone Hatchet.LocalAnims.ThrowHold	rbxassetid://12315210121
ReplicatedStorage.VMs.Stone Hatchet.GlobalAnims.Equip	rbxassetid://12404717807
ReplicatedStorage.VMs.Stone Hatchet.GlobalAnims.Idle	rbxassetid://12404519685
ReplicatedStorage.VMs.Stone Hatchet.GlobalAnims.Throw	rbxassetid://12404755793
ReplicatedStorage.VMs.Stone Hatchet.GlobalAnims.Aim	rbxassetid://12404755793
ReplicatedStorage.VMs.Stone Hatchet.GlobalAnims.Swing1	rbxassetid://12404582634
ReplicatedStorage.VMs.Stone Hatchet.GlobalAnims.Swing2	rbxassetid://12404586561
ReplicatedStorage.VMs.Stone Hatchet.CameraAnims.Equip	rbxassetid://13824449779
ReplicatedStorage.VMs.Wooden Spear.LocalAnims.Hit	rbxassetid://12323621850
ReplicatedStorage.VMs.Wooden Spear.LocalAnims.Idle	rbxassetid://12323431574
ReplicatedStorage.VMs.Wooden Spear.LocalAnims.Inspect	rbxassetid://12323465168
ReplicatedStorage.VMs.Wooden Spear.LocalAnims.ThrowWindup	rbxassetid://12323588559
ReplicatedStorage.VMs.Wooden Spear.LocalAnims.Miss	rbxassetid://12323621850
ReplicatedStorage.VMs.Wooden Spear.LocalAnims.Equip	rbxassetid://12323373070
ReplicatedStorage.VMs.Wooden Spear.LocalAnims.Throw	rbxassetid://12323523249
ReplicatedStorage.VMs.Wooden Spear.LocalAnims.Windup	rbxassetid://12323686914
ReplicatedStorage.VMs.Wooden Spear.LocalAnims.ThrowHold	rbxassetid://12330525319
ReplicatedStorage.VMs.Wooden Spear.GlobalAnims.Equip	rbxassetid://12332656326
ReplicatedStorage.VMs.Wooden Spear.GlobalAnims.Idle	rbxassetid://12332628544
ReplicatedStorage.VMs.Wooden Spear.GlobalAnims.Throw	rbxassetid://12332606670
ReplicatedStorage.VMs.Wooden Spear.GlobalAnims.Aim	rbxassetid://12332631981
ReplicatedStorage.VMs.Wooden Spear.GlobalAnims.Swing1	rbxassetid://12332622716
ReplicatedStorage.VMs.Wooden Spear.CameraAnims.Equip	rbxassetid://13824449779
ReplicatedStorage.VMs.Iron Shard Pickaxe.LocalAnims.Hit	rbxassetid://11254599050
ReplicatedStorage.VMs.Iron Shard Pickaxe.LocalAnims.Idle	rbxassetid://11254603653
ReplicatedStorage.VMs.Iron Shard Pickaxe.LocalAnims.Inspect	rbxassetid://11254610632
ReplicatedStorage.VMs.Iron Shard Pickaxe.LocalAnims.ThrowWindup	rbxassetid://12087089666
ReplicatedStorage.VMs.Iron Shard Pickaxe.LocalAnims.Miss	rbxassetid://12097635857
ReplicatedStorage.VMs.Iron Shard Pickaxe.LocalAnims.Equip	rbxassetid://11254620945
ReplicatedStorage.VMs.Iron Shard Pickaxe.LocalAnims.Throw	rbxassetid://12086968738
ReplicatedStorage.VMs.Iron Shard Pickaxe.LocalAnims.Windup	rbxassetid://11254713577
ReplicatedStorage.VMs.Iron Shard Pickaxe.LocalAnims.ThrowHold	rbxassetid://12315210121
ReplicatedStorage.VMs.Iron Shard Pickaxe.GlobalAnims.Equip	rbxassetid://12404717807
ReplicatedStorage.VMs.Iron Shard Pickaxe.GlobalAnims.Idle	rbxassetid://12404519685
ReplicatedStorage.VMs.Iron Shard Pickaxe.GlobalAnims.Throw	rbxassetid://12404755793
ReplicatedStorage.VMs.Iron Shard Pickaxe.GlobalAnims.Aim	rbxassetid://12404755793
ReplicatedStorage.VMs.Iron Shard Pickaxe.GlobalAnims.Swing1	rbxassetid://12404582634
ReplicatedStorage.VMs.Iron Shard Pickaxe.GlobalAnims.Swing2	rbxassetid://12404586561
ReplicatedStorage.VMs.Iron Shard Pickaxe.CameraAnims.Equip	rbxassetid://13824449779
ReplicatedStorage.VMs.Stone Spear.GlobalAnims.Equip	rbxassetid://12332656326
ReplicatedStorage.VMs.Stone Spear.GlobalAnims.Idle	rbxassetid://12332628544
ReplicatedStorage.VMs.Stone Spear.GlobalAnims.Throw	rbxassetid://12332606670
ReplicatedStorage.VMs.Stone Spear.GlobalAnims.Aim	rbxassetid://12332631981
ReplicatedStorage.VMs.Stone Spear.GlobalAnims.Swing1	rbxassetid://12332622716
ReplicatedStorage.VMs.Stone Spear.LocalAnims.Hit	rbxassetid://12323621850
ReplicatedStorage.VMs.Stone Spear.LocalAnims.Idle	rbxassetid://12323431574
ReplicatedStorage.VMs.Stone Spear.LocalAnims.Inspect	rbxassetid://12323465168
ReplicatedStorage.VMs.Stone Spear.LocalAnims.ThrowWindup	rbxassetid://12323588559
ReplicatedStorage.VMs.Stone Spear.LocalAnims.Miss	rbxassetid://12323621850
ReplicatedStorage.VMs.Stone Spear.LocalAnims.Equip	rbxassetid://12323373070
ReplicatedStorage.VMs.Stone Spear.LocalAnims.Throw	rbxassetid://12323523249
ReplicatedStorage.VMs.Stone Spear.LocalAnims.Windup	rbxassetid://12323686914
ReplicatedStorage.VMs.Stone Spear.LocalAnims.ThrowHold	rbxassetid://12330525319
ReplicatedStorage.VMs.Stone Spear.CameraAnims.Equip	rbxassetid://13824449779
ReplicatedStorage.VMs.ez shovel.LocalAnims.Hit	rbxassetid://14753903836
ReplicatedStorage.VMs.ez shovel.LocalAnims.Idle	rbxassetid://14753747589
ReplicatedStorage.VMs.ez shovel.LocalAnims.Inspect	rbxassetid://14753755728
ReplicatedStorage.VMs.ez shovel.LocalAnims.Miss	rbxassetid://14753829920
ReplicatedStorage.VMs.ez shovel.LocalAnims.Equip	rbxassetid://14753765263
ReplicatedStorage.VMs.ez shovel.LocalAnims.ThrowWindup	rbxassetid://14753924056
ReplicatedStorage.VMs.ez shovel.LocalAnims.ThrowHold	rbxassetid://14753962771
ReplicatedStorage.VMs.ez shovel.LocalAnims.Windup	rbxassetid://14753821942
ReplicatedStorage.VMs.ez shovel.LocalAnims.Throw	rbxassetid://14753962771
ReplicatedStorage.VMs.ez shovel.GlobalAnims.Equip	rbxassetid://12404717807
ReplicatedStorage.VMs.ez shovel.GlobalAnims.Idle	rbxassetid://12404519685
ReplicatedStorage.VMs.ez shovel.GlobalAnims.Swing1	rbxassetid://12404582634
ReplicatedStorage.VMs.ez shovel.GlobalAnims.Swing2	rbxassetid://12404586561
ReplicatedStorage.VMs.ez shovel.CameraAnims.Equip	rbxassetid://13824449779
ReplicatedStorage.VMs.Pumpkin Launcher.GlobalAnims.Equip	rbxassetid://10982184970
ReplicatedStorage.VMs.Pumpkin Launcher.GlobalAnims.Idle	rbxassetid://10982102481
ReplicatedStorage.VMs.Pumpkin Launcher.LocalAnims.Equip	rbxassetid://107763869878004
ReplicatedStorage.VMs.Pumpkin Launcher.LocalAnims.Idle	rbxassetid://96964900616385
ReplicatedStorage.VMs.Pumpkin Launcher.LocalAnims.Inspect	rbxassetid://113058224726735
ReplicatedStorage.VMs.Pumpkin Launcher.LocalAnims.Reload1	rbxassetid://122129787681927
ReplicatedStorage.VMs.Pumpkin Launcher.LocalAnims.Reload2	rbxassetid://131841243736090
ReplicatedStorage.VMs.Pumpkin Launcher.LocalAnims.Reload3	rbxassetid://134448134384946
ReplicatedStorage.VMs.Pumpkin Launcher.LocalAnims.Shoot	rbxassetid://84284689931857
ReplicatedStorage.VMs.Pumpkin Launcher.CameraAnims.Equip	rbxassetid://13824449779
ReplicatedStorage.VMs.Pumpkin Launcher.CameraAnims.Reload	rbxassetid://13885646898
ReplicatedStorage.VMs.Boulder.LocalAnims.Hit	rbxassetid://12576117123
ReplicatedStorage.VMs.Boulder.LocalAnims.Idle	rbxassetid://12576197130
ReplicatedStorage.VMs.Boulder.LocalAnims.Inspect	rbxassetid://12576193813
ReplicatedStorage.VMs.Boulder.LocalAnims.ThrowWindup	rbxassetid://12576260677
ReplicatedStorage.VMs.Boulder.LocalAnims.Miss	rbxassetid://12576268434
ReplicatedStorage.VMs.Boulder.LocalAnims.Equip	rbxassetid://12576113229
ReplicatedStorage.VMs.Boulder.LocalAnims.Throw	rbxassetid://12576313309
ReplicatedStorage.VMs.Boulder.LocalAnims.Windup	rbxassetid://12576221319
ReplicatedStorage.VMs.Boulder.LocalAnims.ThrowHold	rbxassetid://12576313309
ReplicatedStorage.VMs.Boulder.GlobalAnims.Throw	rbxassetid://12404755793
ReplicatedStorage.VMs.Boulder.GlobalAnims.Aim	rbxassetid://12404755793
ReplicatedStorage.VMs.Boulder.GlobalAnims.Equip	rbxassetid://2640084383
ReplicatedStorage.VMs.Boulder.GlobalAnims.Idle	rbxassetid://2640084707
ReplicatedStorage.VMs.Boulder.GlobalAnims.Swing1	rbxassetid://2640085047
ReplicatedStorage.VMs.Boulder.GlobalAnims.Swing2	rbxassetid://2640085047
ReplicatedStorage.VMs.Boulder.CameraAnims.Equip	rbxassetid://13824449779
ReplicatedStorage.VMs.Small Medkit.LocalAnims.Equip	rbxassetid://15126852724
ReplicatedStorage.VMs.Small Medkit.LocalAnims.Idle	rbxassetid://15126828005
ReplicatedStorage.VMs.Small Medkit.LocalAnims.Use	rbxassetid://15126848291
ReplicatedStorage.VMs.Small Medkit.GlobalAnims.Use	rbxassetid://2529243689
ReplicatedStorage.VMs.Small Medkit.GlobalAnims.Idle	rbxassetid://2529244101
ReplicatedStorage.VMs.Small Medkit.GlobalAnims.Equip	rbxassetid://2529246854
ReplicatedStorage.VMs.Small Medkit.CameraAnims.Equip	rbxassetid://13824449779
ReplicatedStorage.VMs.Military M4A1.GlobalAnims.Equip	rbxassetid://10982184970
ReplicatedStorage.VMs.Military M4A1.GlobalAnims.Idle	rbxassetid://10982102481
ReplicatedStorage.VMs.Military M4A1.GlobalAnims.Aim	rbxassetid://10982316984
ReplicatedStorage.VMs.Military M4A1.LocalAnims.Equip	rbxassetid://15435529127
ReplicatedStorage.VMs.Military M4A1.LocalAnims.Inspect	rbxassetid://15435570035
ReplicatedStorage.VMs.Military M4A1.LocalAnims.Reload	rbxassetid://15435623751
ReplicatedStorage.VMs.Military M4A1.LocalAnims.Shoot	rbxassetid://15435532750
ReplicatedStorage.VMs.Military M4A1.LocalAnims.Idle	rbxassetid://15435532750
ReplicatedStorage.VMs.Military M4A1.LocalAnims.SightFix	rbxassetid://15442290533
ReplicatedStorage.VMs.Military M4A1.CameraAnims.Equip	rbxassetid://13824449779
ReplicatedStorage.VMs.Salvaged AK74u.GlobalAnims.Equip	rbxassetid://10982184970
ReplicatedStorage.VMs.Salvaged AK74u.GlobalAnims.Idle	rbxassetid://10982102481
ReplicatedStorage.VMs.Salvaged AK74u.GlobalAnims.Aim	rbxassetid://10982316984
ReplicatedStorage.VMs.Salvaged AK74u.LocalAnims.Idle	rbxassetid://10905196277
ReplicatedStorage.VMs.Salvaged AK74u.LocalAnims.Equip	rbxassetid://13642327129
ReplicatedStorage.VMs.Salvaged AK74u.LocalAnims.Reload	rbxassetid://13642332380
ReplicatedStorage.VMs.Salvaged AK74u.LocalAnims.Inspect	rbxassetid://10905213921
ReplicatedStorage.VMs.Salvaged AK74u.LocalAnims.Shoot	rbxassetid://13642336532
ReplicatedStorage.VMs.Salvaged AK74u.CameraAnims.Equip	rbxassetid://13824449779
ReplicatedStorage.VMs.Salvaged AK74u.CameraAnims.Reload	rbxassetid://13885646898
ReplicatedStorage.VMs.Salvaged AK74u.LocalAnimsMP5.Equip	rbxassetid://98129074368322
ReplicatedStorage.VMs.Salvaged AK74u.LocalAnimsMP5.Idle	rbxassetid://93372634082757
ReplicatedStorage.VMs.Salvaged AK74u.LocalAnimsMP5.Inspect	rbxassetid://109508842676548
ReplicatedStorage.VMs.Salvaged AK74u.LocalAnimsMP5.Reload	rbxassetid://128093247273807
ReplicatedStorage.VMs.Salvaged AK74u.LocalAnimsMP5.Shoot	rbxassetid://130287124408023
ReplicatedStorage.VMs.Nail Gun.LocalAnims.Equip	rbxassetid://13327911632
ReplicatedStorage.VMs.Nail Gun.LocalAnims.Idle	rbxassetid://13327914671
ReplicatedStorage.VMs.Nail Gun.LocalAnims.Inspect	rbxassetid://13327938850
ReplicatedStorage.VMs.Nail Gun.LocalAnims.Reload	rbxassetid://13327926806
ReplicatedStorage.VMs.Nail Gun.GlobalAnims.Aim	rbxassetid://10982316984
ReplicatedStorage.VMs.Nail Gun.GlobalAnims.Equip	rbxassetid://10982184970
ReplicatedStorage.VMs.Nail Gun.GlobalAnims.Idle	rbxassetid://10982102481
ReplicatedStorage.VMs.Nail Gun.CameraAnims.Equip	rbxassetid://13824449779
ReplicatedStorage.VMs.Hammer.LocalAnims.Hit	rbxassetid://11254599050
ReplicatedStorage.VMs.Hammer.LocalAnims.Idle	rbxassetid://11254603653
ReplicatedStorage.VMs.Hammer.LocalAnims.Inspect	rbxassetid://11254610632
ReplicatedStorage.VMs.Hammer.LocalAnims.Miss	rbxassetid://12097635857
ReplicatedStorage.VMs.Hammer.LocalAnims.Equip	rbxassetid://11254620945
ReplicatedStorage.VMs.Hammer.LocalAnims.Windup	rbxassetid://11254713577
ReplicatedStorage.VMs.Hammer.GlobalAnims.Equip	rbxassetid://12404717807
ReplicatedStorage.VMs.Hammer.GlobalAnims.Idle	rbxassetid://12404519685
ReplicatedStorage.VMs.Hammer.GlobalAnims.Swing1	rbxassetid://12404582634
ReplicatedStorage.VMs.Hammer.GlobalAnims.Swing2	rbxassetid://12404586561
ReplicatedStorage.VMs.Hammer.CameraAnims.Equip	rbxassetid://13824449779
ReplicatedStorage.VMs.Timed Charge.LocalAnims.Idle	rbxassetid://13328349172
ReplicatedStorage.VMs.Timed Charge.LocalAnims.Equip	rbxassetid://13329537452
ReplicatedStorage.VMs.Timed Charge.LocalAnims.Throw	rbxassetid://13328390675
ReplicatedStorage.VMs.Timed Charge.GlobalAnims.Idle	rbxassetid://12404519685
ReplicatedStorage.VMs.Timed Charge.CameraAnims.Equip	rbxassetid://13824449779
ReplicatedStorage.VMs.Steel Pickaxe.GlobalAnims.Equip	rbxassetid://12404717807
ReplicatedStorage.VMs.Steel Pickaxe.GlobalAnims.Idle	rbxassetid://12404519685
ReplicatedStorage.VMs.Steel Pickaxe.GlobalAnims.Throw	rbxassetid://12404755793
ReplicatedStorage.VMs.Steel Pickaxe.GlobalAnims.Aim	rbxassetid://12404755793
ReplicatedStorage.VMs.Steel Pickaxe.GlobalAnims.Swing1	rbxassetid://12404582634
ReplicatedStorage.VMs.Steel Pickaxe.GlobalAnims.Swing2	rbxassetid://12404586561
ReplicatedStorage.VMs.Steel Pickaxe.LocalAnims.Hit	rbxassetid://13327409098
ReplicatedStorage.VMs.Steel Pickaxe.LocalAnims.Idle	rbxassetid://13327377006
ReplicatedStorage.VMs.Steel Pickaxe.LocalAnims.Inspect	rbxassetid://13327416430
ReplicatedStorage.VMs.Steel Pickaxe.LocalAnims.ThrowWindup	rbxassetid://13326920636
ReplicatedStorage.VMs.Steel Pickaxe.LocalAnims.Miss	rbxassetid://13326904374
ReplicatedStorage.VMs.Steel Pickaxe.LocalAnims.Equip	rbxassetid://13326900120
ReplicatedStorage.VMs.Steel Pickaxe.LocalAnims.Throw	rbxassetid://13326927760
ReplicatedStorage.VMs.Steel Pickaxe.LocalAnims.Windup	rbxassetid://13326914930
ReplicatedStorage.VMs.Steel Pickaxe.LocalAnims.ThrowHold	rbxassetid://13326927760
ReplicatedStorage.VMs.Steel Pickaxe.CameraAnims.Equip	rbxassetid://13824449779
ReplicatedStorage.VMs.Steel Axe.GlobalAnims.Equip	rbxassetid://12404717807
ReplicatedStorage.VMs.Steel Axe.GlobalAnims.Idle	rbxassetid://12404519685
ReplicatedStorage.VMs.Steel Axe.GlobalAnims.Throw	rbxassetid://12404755793
ReplicatedStorage.VMs.Steel Axe.GlobalAnims.Aim	rbxassetid://12404755793
ReplicatedStorage.VMs.Steel Axe.GlobalAnims.Swing1	rbxassetid://12404582634
ReplicatedStorage.VMs.Steel Axe.GlobalAnims.Swing2	rbxassetid://12404586561
ReplicatedStorage.VMs.Steel Axe.LocalAnims.Hit	rbxassetid://13327409098
ReplicatedStorage.VMs.Steel Axe.LocalAnims.Idle	rbxassetid://13327377006
ReplicatedStorage.VMs.Steel Axe.LocalAnims.Inspect	rbxassetid://13327416430
ReplicatedStorage.VMs.Steel Axe.LocalAnims.ThrowWindup	rbxassetid://13326920636
ReplicatedStorage.VMs.Steel Axe.LocalAnims.Miss	rbxassetid://13326904374
ReplicatedStorage.VMs.Steel Axe.LocalAnims.Equip	rbxassetid://13326900120
ReplicatedStorage.VMs.Steel Axe.LocalAnims.Throw	rbxassetid://13326927760
ReplicatedStorage.VMs.Steel Axe.LocalAnims.Windup	rbxassetid://13326914930
ReplicatedStorage.VMs.Steel Axe.LocalAnims.ThrowHold	rbxassetid://13326927760
ReplicatedStorage.VMs.Steel Axe.CameraAnims.Equip	rbxassetid://13824449779
ReplicatedStorage.VMs.Military Grenade.LocalAnims.Idle	rbxassetid://13328557028
ReplicatedStorage.VMs.Military Grenade.LocalAnims.Equip	rbxassetid://13328550574
ReplicatedStorage.VMs.Military Grenade.LocalAnims.UnderHandThrow	rbxassetid://13328572108
ReplicatedStorage.VMs.Military Grenade.LocalAnims.Light	rbxassetid://13328632174
ReplicatedStorage.VMs.Military Grenade.LocalAnims.OverHandThrow	rbxassetid://13328582483
ReplicatedStorage.VMs.Military Grenade.LocalAnims.ThrowStart	rbxassetid://13328629789
ReplicatedStorage.VMs.Military Grenade.GlobalAnims.Idle	rbxassetid://12404519685
ReplicatedStorage.VMs.Military Grenade.CameraAnims.Equip	rbxassetid://13824449779
ReplicatedStorage.VMs.Dynamite Bundle.LocalAnims.Idle	rbxassetid://13328557028
ReplicatedStorage.VMs.Dynamite Bundle.LocalAnims.Equip	rbxassetid://13328550574
ReplicatedStorage.VMs.Dynamite Bundle.LocalAnims.Throw	rbxassetid://13328572108
ReplicatedStorage.VMs.Dynamite Bundle.LocalAnims.Light	rbxassetid://13328632174
ReplicatedStorage.VMs.Dynamite Bundle.GlobalAnims.Idle	rbxassetid://12404519685
ReplicatedStorage.VMs.Dynamite Bundle.CameraAnims.Equip	rbxassetid://13824449779
ReplicatedStorage.VMs.Salvaged RPG.GlobalAnims.Equip	rbxassetid://10982184970
ReplicatedStorage.VMs.Salvaged RPG.GlobalAnims.Idle	rbxassetid://10982102481
ReplicatedStorage.VMs.Salvaged RPG.GlobalAnims.Aim	rbxassetid://10982316984
ReplicatedStorage.VMs.Salvaged RPG.LocalAnims.Idle	rbxassetid://13446590342
ReplicatedStorage.VMs.Salvaged RPG.LocalAnims.Equip	rbxassetid://13446858662
ReplicatedStorage.VMs.Salvaged RPG.LocalAnims.Reload	rbxassetid://13446581922
ReplicatedStorage.VMs.Salvaged RPG.LocalAnims.Inspect	rbxassetid://13446577751
ReplicatedStorage.VMs.Salvaged RPG.LocalAnims.Shoot	rbxassetid://13446573652
ReplicatedStorage.VMs.Salvaged RPG.CameraAnims.Equip	rbxassetid://13824449779
ReplicatedStorage.VMs.Salvaged RPG.CameraAnims.Reload	rbxassetid://13885646898
ReplicatedStorage.VMs.Salvaged Python.LocalAnims.Equip	rbxassetid://11066772771
ReplicatedStorage.VMs.Salvaged Python.LocalAnims.Idle	rbxassetid://11066778914
ReplicatedStorage.VMs.Salvaged Python.LocalAnims.Inspect	rbxassetid://11066786478
ReplicatedStorage.VMs.Salvaged Python.LocalAnims.Reload	rbxassetid://11066790798
ReplicatedStorage.VMs.Salvaged Python.LocalAnims.Shoot	rbxassetid://12581889409
ReplicatedStorage.VMs.Salvaged Python.GlobalAnims.Equip	rbxassetid://10982184970
ReplicatedStorage.VMs.Salvaged Python.GlobalAnims.Idle	rbxassetid://10982102481
ReplicatedStorage.VMs.Salvaged Python.GlobalAnims.Aim	rbxassetid://10982316984
ReplicatedStorage.VMs.Salvaged Python.CameraAnims.Equip	rbxassetid://13824449779
ReplicatedStorage.VMs.Salvaged Python.CameraAnims.Reload	rbxassetid://13885646898
ReplicatedStorage.VMs.Salvaged M14.GlobalAnims.Equip	rbxassetid://10982184970
ReplicatedStorage.VMs.Salvaged M14.GlobalAnims.Idle	rbxassetid://10982102481
ReplicatedStorage.VMs.Salvaged M14.GlobalAnims.Aim	rbxassetid://10982316984
ReplicatedStorage.VMs.Salvaged M14.LocalAnims.Equip	rbxassetid://13670792109
ReplicatedStorage.VMs.Salvaged M14.LocalAnims.Reload	rbxassetid://13670748435
ReplicatedStorage.VMs.Salvaged M14.LocalAnims.Shoot	rbxassetid://13670812891
ReplicatedStorage.VMs.Salvaged M14.LocalAnims.Idle	rbxassetid://10905196277
ReplicatedStorage.VMs.Salvaged M14.LocalAnims.Inspect	rbxassetid://10905213921
ReplicatedStorage.VMs.Salvaged M14.CameraAnims.Equip	rbxassetid://13824449779
ReplicatedStorage.VMs.Salvaged M14.CameraAnims.Reload	rbxassetid://13885646898
ReplicatedStorage.VMs.Salvaged SMG.CameraAnims.Equip	rbxassetid://13824449779
ReplicatedStorage.VMs.Salvaged SMG.CameraAnims.Reload	rbxassetid://13885646898
ReplicatedStorage.VMs.Salvaged SMG.LocalAnims.Equip	rbxassetid://14205062509
ReplicatedStorage.VMs.Salvaged SMG.LocalAnims.Reload	rbxassetid://14121442831
ReplicatedStorage.VMs.Salvaged SMG.LocalAnims.Shoot	rbxassetid://13670812891
ReplicatedStorage.VMs.Salvaged SMG.LocalAnims.Idle	rbxassetid://10905196277
ReplicatedStorage.VMs.Salvaged SMG.LocalAnims.Inspect	rbxassetid://10905213921
ReplicatedStorage.VMs.Salvaged SMG.GlobalAnims.Equip	rbxassetid://10982184970
ReplicatedStorage.VMs.Salvaged SMG.GlobalAnims.Idle	rbxassetid://10982102481
ReplicatedStorage.VMs.Salvaged SMG.GlobalAnims.Aim	rbxassetid://10982316984
ReplicatedStorage.VMs.Salvaged P250.GlobalAnims.Equip	rbxassetid://10982184970
ReplicatedStorage.VMs.Salvaged P250.GlobalAnims.Idle	rbxassetid://10982102481
ReplicatedStorage.VMs.Salvaged P250.GlobalAnims.Aim	rbxassetid://10982316984
ReplicatedStorage.VMs.Salvaged P250.LocalAnims.Idle	rbxassetid://12522326352
ReplicatedStorage.VMs.Salvaged P250.LocalAnims.Equip	rbxassetid://12522337951
ReplicatedStorage.VMs.Salvaged P250.LocalAnims.Reload	rbxassetid://12522315610
ReplicatedStorage.VMs.Salvaged P250.LocalAnims.Inspect	rbxassetid://12522200642
ReplicatedStorage.VMs.Salvaged P250.LocalAnims.Shoot	rbxassetid://12523778090
ReplicatedStorage.VMs.Salvaged P250.CameraAnims.Equip	rbxassetid://13824449779
ReplicatedStorage.VMs.Salvaged P250.CameraAnims.Reload	rbxassetid://13885646898
ReplicatedStorage.VMs.Salvaged Sniper.GlobalAnims.Equip	rbxassetid://10982184970
ReplicatedStorage.VMs.Salvaged Sniper.GlobalAnims.Idle	rbxassetid://10982102481
ReplicatedStorage.VMs.Salvaged Sniper.GlobalAnims.Aim	rbxassetid://10982316984
ReplicatedStorage.VMs.Salvaged Sniper.LocalAnims.Equip	rbxassetid://102278056019292
ReplicatedStorage.VMs.Salvaged Sniper.LocalAnims.Reload	rbxassetid://76688960452168
ReplicatedStorage.VMs.Salvaged Sniper.LocalAnims.Shoot	rbxassetid://76442867538012
ReplicatedStorage.VMs.Salvaged Sniper.LocalAnims.Idle	rbxassetid://76442867538012
ReplicatedStorage.VMs.Salvaged Sniper.LocalAnims.Inspect	rbxassetid://131088076477856
ReplicatedStorage.VMs.Salvaged Sniper.LocalAnims.Bolt	rbxassetid://134064393891680
ReplicatedStorage.VMs.Salvaged Sniper.CameraAnims.Equip	rbxassetid://13824449779
ReplicatedStorage.VMs.Salvaged Sniper.CameraAnims.Reload	rbxassetid://13885646898
ReplicatedStorage.VMs.Iron Shard Hatchet.LocalAnims.Hit	rbxassetid://11254599050
ReplicatedStorage.VMs.Iron Shard Hatchet.LocalAnims.Idle	rbxassetid://11254603653
ReplicatedStorage.VMs.Iron Shard Hatchet.LocalAnims.Inspect	rbxassetid://11254610632
ReplicatedStorage.VMs.Iron Shard Hatchet.LocalAnims.ThrowWindup	rbxassetid://12087089666
ReplicatedStorage.VMs.Iron Shard Hatchet.LocalAnims.Miss	rbxassetid://12097635857
ReplicatedStorage.VMs.Iron Shard Hatchet.LocalAnims.Equip	rbxassetid://11254620945
ReplicatedStorage.VMs.Iron Shard Hatchet.LocalAnims.Throw	rbxassetid://12086968738
ReplicatedStorage.VMs.Iron Shard Hatchet.LocalAnims.Windup	rbxassetid://11254713577
ReplicatedStorage.VMs.Iron Shard Hatchet.LocalAnims.ThrowHold	rbxassetid://12315210121
ReplicatedStorage.VMs.Iron Shard Hatchet.GlobalAnims.Equip	rbxassetid://12404717807
ReplicatedStorage.VMs.Iron Shard Hatchet.GlobalAnims.Idle	rbxassetid://12404519685
ReplicatedStorage.VMs.Iron Shard Hatchet.GlobalAnims.Throw	rbxassetid://12404755793
ReplicatedStorage.VMs.Iron Shard Hatchet.GlobalAnims.Aim	rbxassetid://12404755793
ReplicatedStorage.VMs.Iron Shard Hatchet.GlobalAnims.Swing1	rbxassetid://12404582634
ReplicatedStorage.VMs.Iron Shard Hatchet.GlobalAnims.Swing2	rbxassetid://12404586561
ReplicatedStorage.VMs.Iron Shard Hatchet.CameraAnims.Equip	rbxassetid://13824449779
ReplicatedStorage.VMs.Wooden Bow.LocalAnims.Idle	rbxassetid://13676749170
ReplicatedStorage.VMs.Wooden Bow.LocalAnims.AimStart	rbxassetid://13676752865
ReplicatedStorage.VMs.Wooden Bow.LocalAnims.AimHold	rbxassetid://13676756566
ReplicatedStorage.VMs.Wooden Bow.LocalAnims.Equip	rbxassetid://13676758676
ReplicatedStorage.VMs.Wooden Bow.LocalAnims.Inspect	rbxassetid://13676761493
ReplicatedStorage.VMs.Wooden Bow.LocalAnims.JumpShotAimStart	rbxassetid://13676765827
ReplicatedStorage.VMs.Wooden Bow.LocalAnims.JumpShotAim	rbxassetid://13680356359
ReplicatedStorage.VMs.Wooden Bow.LocalAnims.AimStop	rbxassetid://13681000136
ReplicatedStorage.VMs.Wooden Bow.GlobalAnims.Idle	rbxassetid://13960174047
ReplicatedStorage.VMs.Wooden Bow.GlobalAnims.AimStart	rbxassetid://13960202666
ReplicatedStorage.VMs.Wooden Bow.GlobalAnims.AimHold	rbxassetid://13960210609
ReplicatedStorage.VMs.Wooden Bow.CameraAnims.Equip	rbxassetid://13824449779
ReplicatedStorage.VMs.Pink Keycard.LocalAnims.Use	rbxassetid://13956423938
ReplicatedStorage.VMs.Pink Keycard.LocalAnims.Idle	rbxassetid://13956427413
ReplicatedStorage.VMs.Pink Keycard.LocalAnims.Equip	rbxassetid://13956571659
ReplicatedStorage.VMs.Pink Keycard.CameraAnims.Equip	rbxassetid://13824449779
ReplicatedStorage.VMs.Purple Keycard.LocalAnims.Idle	rbxassetid://13956427413
ReplicatedStorage.VMs.Purple Keycard.LocalAnims.Equip	rbxassetid://13956571659
ReplicatedStorage.VMs.Purple Keycard.LocalAnims.Use	rbxassetid://13956423938
ReplicatedStorage.VMs.Purple Keycard.CameraAnims.Equip	rbxassetid://13824449779
ReplicatedStorage.VMs.Yellow Keycard.LocalAnims.Use	rbxassetid://13956423938
ReplicatedStorage.VMs.Yellow Keycard.LocalAnims.Idle	rbxassetid://13956427413
ReplicatedStorage.VMs.Yellow Keycard.LocalAnims.Equip	rbxassetid://13956571659
ReplicatedStorage.VMs.Yellow Keycard.CameraAnims.Equip	rbxassetid://13824449779
ReplicatedStorage.VMs.Bandage.LocalAnims.Equip	rbxassetid://13958285864
ReplicatedStorage.VMs.Bandage.LocalAnims.Idle	rbxassetid://13958303128
ReplicatedStorage.VMs.Bandage.LocalAnims.Use	rbxassetid://13958298879
ReplicatedStorage.VMs.Bandage.GlobalAnims.Use	rbxassetid://14860445359
ReplicatedStorage.VMs.Bandage.GlobalAnims.Idle	rbxassetid://2529244101
ReplicatedStorage.VMs.Bandage.GlobalAnims.Equip	rbxassetid://2529246854
ReplicatedStorage.VMs.Bandage.CameraAnims.Equip	rbxassetid://13824449779
ReplicatedStorage.VMs.Health Pen.LocalAnims.Equip	rbxassetid://13970663013
ReplicatedStorage.VMs.Health Pen.LocalAnims.Idle	rbxassetid://13970667527
ReplicatedStorage.VMs.Health Pen.LocalAnims.Use	rbxassetid://14547962925
ReplicatedStorage.VMs.Health Pen.GlobalAnims.Use	rbxassetid://2529243689
ReplicatedStorage.VMs.Health Pen.GlobalAnims.Idle	rbxassetid://2529244101
ReplicatedStorage.VMs.Health Pen.GlobalAnims.Equip	rbxassetid://2529246854
ReplicatedStorage.VMs.Health Pen.CameraAnims.Equip	rbxassetid://13824449779
ReplicatedStorage.VMs.Salvaged Pipe Rifle.GlobalAnims.Equip	rbxassetid://10982184970
ReplicatedStorage.VMs.Salvaged Pipe Rifle.GlobalAnims.Idle	rbxassetid://10982102481
ReplicatedStorage.VMs.Salvaged Pipe Rifle.GlobalAnims.Aim	rbxassetid://10982316984
ReplicatedStorage.VMs.Salvaged Pipe Rifle.LocalAnims.Idle	rbxassetid://13651086373
ReplicatedStorage.VMs.Salvaged Pipe Rifle.LocalAnims.Equip	rbxassetid://13651149446
ReplicatedStorage.VMs.Salvaged Pipe Rifle.LocalAnims.Inspect	rbxassetid://13651157242
ReplicatedStorage.VMs.Salvaged Pipe Rifle.LocalAnims.Shoot	rbxassetid://13651300466
ReplicatedStorage.VMs.Salvaged Pipe Rifle.LocalAnims.BoltNOTUSED	rbxassetid://13651231180
ReplicatedStorage.VMs.Salvaged Pipe Rifle.LocalAnims.Reload1	rbxassetid://13651242520
ReplicatedStorage.VMs.Salvaged Pipe Rifle.LocalAnims.Reload2	rbxassetid://13651250402
ReplicatedStorage.VMs.Salvaged Pipe Rifle.LocalAnims.Reload3	rbxassetid://13651260689
ReplicatedStorage.VMs.Salvaged Pipe Rifle.CameraAnims.Equip	rbxassetid://13824449779
ReplicatedStorage.VMs.Salvaged Pipe Rifle.CameraAnims.Reload	rbxassetid://13885646898
ReplicatedStorage.VMs.Salvaged AK47.GlobalAnims.Equip	rbxassetid://10982184970
ReplicatedStorage.VMs.Salvaged AK47.GlobalAnims.Idle	rbxassetid://10982102481
ReplicatedStorage.VMs.Salvaged AK47.GlobalAnims.Aim	rbxassetid://10982316984
ReplicatedStorage.VMs.Salvaged AK47.LocalAnims.Equip	rbxassetid://13537714744
ReplicatedStorage.VMs.Salvaged AK47.LocalAnims.Reload	rbxassetid://13537638231
ReplicatedStorage.VMs.Salvaged AK47.LocalAnims.Shoot	rbxassetid://13537754482
ReplicatedStorage.VMs.Salvaged AK47.LocalAnims.Idle	rbxassetid://13537644331
ReplicatedStorage.VMs.Salvaged AK47.LocalAnims.Inspect	rbxassetid://13537721124
ReplicatedStorage.VMs.Salvaged AK47.CameraAnims.Equip	rbxassetid://13824449779
ReplicatedStorage.VMs.Salvaged AK47.CameraAnims.Reload	rbxassetid://13885646898
ReplicatedStorage.VMs.Salvaged AK47.LocalAnimsHot Rod.Equip	rbxassetid://17685378743
ReplicatedStorage.VMs.Salvaged AK47.LocalAnimsHot Rod.Reload	rbxassetid://17685566911
ReplicatedStorage.VMs.Salvaged AK47.LocalAnimsHot Rod.Idle	rbxassetid://17685385515
ReplicatedStorage.VMs.Salvaged AK47.LocalAnimsHot Rod.Inspect	rbxassetid://17685475998
ReplicatedStorage.VMs.Salvaged AK47.LocalAnimsHot Rod.ShootRENAMEWHENFIXED	rbxassetid://17685395097
ReplicatedStorage.VMs.Steel Shovel.LocalAnims.Hit	rbxassetid://14753903836
ReplicatedStorage.VMs.Steel Shovel.LocalAnims.Idle	rbxassetid://14753747589
ReplicatedStorage.VMs.Steel Shovel.LocalAnims.Inspect	rbxassetid://14753755728
ReplicatedStorage.VMs.Steel Shovel.LocalAnims.Miss	rbxassetid://14753829920
ReplicatedStorage.VMs.Steel Shovel.LocalAnims.Equip	rbxassetid://14753765263
ReplicatedStorage.VMs.Steel Shovel.LocalAnims.ThrowWindup	rbxassetid://14753924056
ReplicatedStorage.VMs.Steel Shovel.LocalAnims.Dig	rbxassetid://14753791797
ReplicatedStorage.VMs.Steel Shovel.LocalAnims.ThrowHold	rbxassetid://14753962771
ReplicatedStorage.VMs.Steel Shovel.LocalAnims.Windup	rbxassetid://14753821942
ReplicatedStorage.VMs.Steel Shovel.LocalAnims.Throw	rbxassetid://14753962771
ReplicatedStorage.VMs.Steel Shovel.GlobalAnims.Equip	rbxassetid://12404717807
ReplicatedStorage.VMs.Steel Shovel.GlobalAnims.Idle	rbxassetid://12404519685
ReplicatedStorage.VMs.Steel Shovel.GlobalAnims.Swing1	rbxassetid://12404582634
ReplicatedStorage.VMs.Steel Shovel.GlobalAnims.Swing2	rbxassetid://12404586561
ReplicatedStorage.VMs.Steel Shovel.CameraAnims.Equip	rbxassetid://13824449779
ReplicatedStorage.VMs.Care Package Signal.LocalAnims.Idle	rbxassetid://13328557028
ReplicatedStorage.VMs.Care Package Signal.LocalAnims.Equip	rbxassetid://13328550574
ReplicatedStorage.VMs.Care Package Signal.LocalAnims.UnderHandThrow	rbxassetid://13328572108
ReplicatedStorage.VMs.Care Package Signal.LocalAnims.Light	rbxassetid://13328632174
ReplicatedStorage.VMs.Care Package Signal.LocalAnims.OverHandThrow	rbxassetid://13328582483
ReplicatedStorage.VMs.Care Package Signal.LocalAnims.ThrowStart	rbxassetid://13328629789
ReplicatedStorage.VMs.Care Package Signal.GlobalAnims.Idle	rbxassetid://12404519685
ReplicatedStorage.VMs.Care Package Signal.CameraAnims.Equip	rbxassetid://13824449779
ReplicatedStorage.VMs.Salvaged Shovel.LocalAnims.Hit	rbxassetid://14753903836
ReplicatedStorage.VMs.Salvaged Shovel.LocalAnims.Idle	rbxassetid://14753747589
ReplicatedStorage.VMs.Salvaged Shovel.LocalAnims.Inspect	rbxassetid://14753755728
ReplicatedStorage.VMs.Salvaged Shovel.LocalAnims.Miss	rbxassetid://14753829920
ReplicatedStorage.VMs.Salvaged Shovel.LocalAnims.Equip	rbxassetid://14753765263
ReplicatedStorage.VMs.Salvaged Shovel.LocalAnims.ThrowWindup	rbxassetid://14753924056
ReplicatedStorage.VMs.Salvaged Shovel.LocalAnims.Dig	rbxassetid://14753791797
ReplicatedStorage.VMs.Salvaged Shovel.LocalAnims.ThrowHold	rbxassetid://14753962771
ReplicatedStorage.VMs.Salvaged Shovel.LocalAnims.Windup	rbxassetid://14753821942
ReplicatedStorage.VMs.Salvaged Shovel.LocalAnims.Throw	rbxassetid://14753962771
ReplicatedStorage.VMs.Salvaged Shovel.GlobalAnims.Equip	rbxassetid://12404717807
ReplicatedStorage.VMs.Salvaged Shovel.GlobalAnims.Idle	rbxassetid://12404519685
ReplicatedStorage.VMs.Salvaged Shovel.GlobalAnims.Swing1	rbxassetid://12404582634
ReplicatedStorage.VMs.Salvaged Shovel.GlobalAnims.Swing2	rbxassetid://12404586561
ReplicatedStorage.VMs.Salvaged Shovel.CameraAnims.Equip	rbxassetid://13824449779
ReplicatedStorage.VMs.Crossbow.GlobalAnims.Equip	rbxassetid://10982184970
ReplicatedStorage.VMs.Crossbow.GlobalAnims.Idle	rbxassetid://10982102481
ReplicatedStorage.VMs.Crossbow.GlobalAnims.Aim	rbxassetid://10982316984
ReplicatedStorage.VMs.Crossbow.LocalAnims.Idle	rbxassetid://13661804506
ReplicatedStorage.VMs.Crossbow.LocalAnims.Equip	rbxassetid://13661753951
ReplicatedStorage.VMs.Crossbow.LocalAnims.Reload	rbxassetid://13661745837
ReplicatedStorage.VMs.Crossbow.LocalAnims.Inspect	rbxassetid://13661800907
ReplicatedStorage.VMs.Crossbow.LocalAnims.Shoot	rbxassetid://13662357236
ReplicatedStorage.VMs.Crossbow.LocalAnims.Unloaded	rbxassetid://13662019424
ReplicatedStorage.VMs.Crossbow.LocalAnims.Loaded	rbxassetid://13662041428
ReplicatedStorage.VMs.Crossbow.CameraAnims.Equip	rbxassetid://13824449779
ReplicatedStorage.VMs.Lighter.LocalAnims.Idle	rbxassetid://15099920803
ReplicatedStorage.VMs.Lighter.LocalAnims.Inspect	rbxassetid://15099969777
ReplicatedStorage.VMs.Lighter.LocalAnims.Equip	rbxassetid://15099967111
ReplicatedStorage.VMs.Lighter.LocalAnims.Use	rbxassetid://15099971616
ReplicatedStorage.VMs.Lighter.GlobalAnims.Equip	rbxassetid://12404717807
ReplicatedStorage.VMs.Lighter.GlobalAnims.Idle	rbxassetid://12404519685
ReplicatedStorage.VMs.Lighter.CameraAnims.Equip	rbxassetid://13824449779
ReplicatedStorage.VMs.Lighter.LocalAnimsLantern.Idle	rbxassetid://111476823327599
ReplicatedStorage.VMs.Lighter.LocalAnimsLantern.Inspect	rbxassetid://79402821816415
ReplicatedStorage.VMs.Lighter.LocalAnimsLantern.Equip	rbxassetid://99169514187300
ReplicatedStorage.VMs.Lighter.LocalAnimsLantern.Use	rbxassetid://122545087673870
ReplicatedStorage.VMs.Salvaged Pump Action.GlobalAnims.Aim	rbxassetid://10982316984
ReplicatedStorage.VMs.Salvaged Pump Action.GlobalAnims.Equip	rbxassetid://10982184970
ReplicatedStorage.VMs.Salvaged Pump Action.GlobalAnims.Idle	rbxassetid://10982102481
ReplicatedStorage.VMs.Salvaged Pump Action.CameraAnims.Equip	rbxassetid://13824449779
ReplicatedStorage.VMs.Salvaged Pump Action.CameraAnims.Reload	rbxassetid://13885646898
ReplicatedStorage.VMs.Salvaged Pump Action.LocalAnims.Idle	rbxassetid://15374900583
ReplicatedStorage.VMs.Salvaged Pump Action.LocalAnims.Equip	rbxassetid://15375439667
ReplicatedStorage.VMs.Salvaged Pump Action.LocalAnims.Inspect	rbxassetid://15374945610
ReplicatedStorage.VMs.Salvaged Pump Action.LocalAnims.Shoot	rbxassetid://15374900583
ReplicatedStorage.VMs.Salvaged Pump Action.LocalAnims.Bolt	rbxassetid://15375019749
ReplicatedStorage.VMs.Salvaged Pump Action.LocalAnims.Reload1	rbxassetid://15374989233
ReplicatedStorage.VMs.Salvaged Pump Action.LocalAnims.Reload2	rbxassetid://15374950237
ReplicatedStorage.VMs.Salvaged Pump Action.LocalAnims.Reload3	rbxassetid://15374959462
ReplicatedStorage.VMs.Military AA12.GlobalAnims.Equip	rbxassetid://10982184970
ReplicatedStorage.VMs.Military AA12.GlobalAnims.Idle	rbxassetid://10982102481
ReplicatedStorage.VMs.Military AA12.GlobalAnims.Aim	rbxassetid://10982316984
ReplicatedStorage.VMs.Military AA12.LocalAnims.Equip	rbxassetid://15126455919
ReplicatedStorage.VMs.Military AA12.LocalAnims.Inspect	rbxassetid://15126678129
ReplicatedStorage.VMs.Military AA12.LocalAnims.BoltNOTUSED	rbxassetid://13651231180
ReplicatedStorage.VMs.Military AA12.LocalAnims.Reload1	rbxassetid://15126706765
ReplicatedStorage.VMs.Military AA12.LocalAnims.Reload2	rbxassetid://15126674376
ReplicatedStorage.VMs.Military AA12.LocalAnims.Reload3	rbxassetid://15126715408
ReplicatedStorage.VMs.Military AA12.LocalAnims.Shoot	rbxassetid://15373354010
ReplicatedStorage.VMs.Military AA12.LocalAnims.Idle	rbxassetid://15126659544
ReplicatedStorage.VMs.Military AA12.CameraAnims.Equip	rbxassetid://13824449779
ReplicatedStorage.VMs.Bone Tool.CameraAnims.Equip	rbxassetid://13824449779
ReplicatedStorage.VMs.Bone Tool.GlobalAnims.Equip	rbxassetid://12404717807
ReplicatedStorage.VMs.Bone Tool.GlobalAnims.Idle	rbxassetid://12404519685
ReplicatedStorage.VMs.Bone Tool.GlobalAnims.Throw	rbxassetid://12404755793
ReplicatedStorage.VMs.Bone Tool.GlobalAnims.Aim	rbxassetid://12404755793
ReplicatedStorage.VMs.Bone Tool.GlobalAnims.Swing1	rbxassetid://12404582634
ReplicatedStorage.VMs.Bone Tool.GlobalAnims.Swing2	rbxassetid://12404586561
ReplicatedStorage.VMs.Bone Tool.LocalAnims.Hit	rbxassetid://11254599050
ReplicatedStorage.VMs.Bone Tool.LocalAnims.Idle	rbxassetid://11254603653
ReplicatedStorage.VMs.Bone Tool.LocalAnims.Inspect	rbxassetid://11254610632
ReplicatedStorage.VMs.Bone Tool.LocalAnims.ThrowWindup	rbxassetid://12087089666
ReplicatedStorage.VMs.Bone Tool.LocalAnims.Miss	rbxassetid://12097635857
ReplicatedStorage.VMs.Bone Tool.LocalAnims.Equip	rbxassetid://11254620945
ReplicatedStorage.VMs.Bone Tool.LocalAnims.Throw	rbxassetid://12086968738
ReplicatedStorage.VMs.Bone Tool.LocalAnims.Windup	rbxassetid://11254713577
ReplicatedStorage.VMs.Bone Tool.LocalAnims.ThrowHold	rbxassetid://12315210121
ReplicatedStorage.VMs.Salvaged Skorpion.CameraAnims.Equip	rbxassetid://13824449779
ReplicatedStorage.VMs.Salvaged Skorpion.CameraAnims.Reload	rbxassetid://13824449779
ReplicatedStorage.VMs.Salvaged Skorpion.LocalAnims.Equip	rbxassetid://15610812844
ReplicatedStorage.VMs.Salvaged Skorpion.LocalAnims.Reload	rbxassetid://15610728466
ReplicatedStorage.VMs.Salvaged Skorpion.LocalAnims.Shoot	rbxassetid://15610787069
ReplicatedStorage.VMs.Salvaged Skorpion.LocalAnims.Idle	rbxassetid://15610787069
ReplicatedStorage.VMs.Salvaged Skorpion.LocalAnims.Inspect	rbxassetid://15610777856
ReplicatedStorage.VMs.Salvaged Skorpion.GlobalAnims.Equip	rbxassetid://10982184970
ReplicatedStorage.VMs.Salvaged Skorpion.GlobalAnims.Idle	rbxassetid://10982102481
ReplicatedStorage.VMs.Salvaged Skorpion.GlobalAnims.Aim	rbxassetid://10982316984
ReplicatedStorage.VMs.Candy Cane.LocalAnims.Hit	rbxassetid://11254599050
ReplicatedStorage.VMs.Candy Cane.LocalAnims.Idle	rbxassetid://11254603653
ReplicatedStorage.VMs.Candy Cane.LocalAnims.Inspect	rbxassetid://11254610632
ReplicatedStorage.VMs.Candy Cane.LocalAnims.ThrowWindup	rbxassetid://12087089666
ReplicatedStorage.VMs.Candy Cane.LocalAnims.Miss	rbxassetid://12097635857
ReplicatedStorage.VMs.Candy Cane.LocalAnims.Equip	rbxassetid://11254620945
ReplicatedStorage.VMs.Candy Cane.LocalAnims.Throw	rbxassetid://12086968738
ReplicatedStorage.VMs.Candy Cane.LocalAnims.Windup	rbxassetid://11254713577
ReplicatedStorage.VMs.Candy Cane.LocalAnims.ThrowHold	rbxassetid://12315210121
ReplicatedStorage.VMs.Candy Cane.GlobalAnims.Equip	rbxassetid://12404717807
ReplicatedStorage.VMs.Candy Cane.GlobalAnims.Idle	rbxassetid://12404519685
ReplicatedStorage.VMs.Candy Cane.GlobalAnims.Throw	rbxassetid://12404755793
ReplicatedStorage.VMs.Candy Cane.GlobalAnims.Aim	rbxassetid://12404755793
ReplicatedStorage.VMs.Candy Cane.GlobalAnims.Swing1	rbxassetid://12404582634
ReplicatedStorage.VMs.Candy Cane.GlobalAnims.Swing2	rbxassetid://12404586561
ReplicatedStorage.VMs.Candy Cane.CameraAnims.Equip	rbxassetid://13824449779
ReplicatedStorage.VMs.Military Barrett.GlobalAnims.Equip	rbxassetid://10982184970
ReplicatedStorage.VMs.Military Barrett.GlobalAnims.Idle	rbxassetid://10982102481
ReplicatedStorage.VMs.Military Barrett.GlobalAnims.Aim	rbxassetid://10982316984
ReplicatedStorage.VMs.Military Barrett.LocalAnims.Equip	rbxassetid://15882735108
ReplicatedStorage.VMs.Military Barrett.LocalAnims.Reload	rbxassetid://15882748975
ReplicatedStorage.VMs.Military Barrett.LocalAnims.Shoot	rbxassetid://15882738576
ReplicatedStorage.VMs.Military Barrett.LocalAnims.Idle	rbxassetid://15882738576
ReplicatedStorage.VMs.Military Barrett.LocalAnims.Inspect	rbxassetid://15882744613
ReplicatedStorage.VMs.Military Barrett.LocalAnims.Bolt	rbxassetid://15882725391
ReplicatedStorage.VMs.Military Barrett.LocalAnims.SightFix	rbxassetid://15883684762
ReplicatedStorage.VMs.Military Barrett.CameraAnims.Equip	rbxassetid://13824449779
ReplicatedStorage.VMs.Military Barrett.CameraAnims.Reload	rbxassetid://13885646898
ReplicatedStorage.VMs.Dynamite Stick.LocalAnims.Idle	rbxassetid://13328557028
ReplicatedStorage.VMs.Dynamite Stick.LocalAnims.Equip	rbxassetid://13328550574
ReplicatedStorage.VMs.Dynamite Stick.LocalAnims.UnderHandThrow	rbxassetid://13328572108
ReplicatedStorage.VMs.Dynamite Stick.LocalAnims.Light	rbxassetid://13328632174
ReplicatedStorage.VMs.Dynamite Stick.LocalAnims.OverHandThrow	rbxassetid://13328582483
ReplicatedStorage.VMs.Dynamite Stick.LocalAnims.ThrowStart	rbxassetid://13328629789
ReplicatedStorage.VMs.Dynamite Stick.GlobalAnims.Idle	rbxassetid://12404519685
ReplicatedStorage.VMs.Dynamite Stick.CameraAnims.Equip	rbxassetid://13824449779
ReplicatedStorage.VMs.Military PKM.CameraAnims.Equip	rbxassetid://13824449779
ReplicatedStorage.VMs.Military PKM.CameraAnims.Reload	rbxassetid://13885646898
ReplicatedStorage.VMs.Military PKM.GlobalAnims.Equip	rbxassetid://10982184970
ReplicatedStorage.VMs.Military PKM.GlobalAnims.Idle	rbxassetid://10982102481
ReplicatedStorage.VMs.Military PKM.GlobalAnims.Aim	rbxassetid://10982316984
ReplicatedStorage.VMs.Military PKM.LocalAnims.Equip	rbxassetid://16487127739
ReplicatedStorage.VMs.Military PKM.LocalAnims.Reload	rbxassetid://16487134130
ReplicatedStorage.VMs.Military PKM.LocalAnims.Idle	rbxassetid://16487121752
ReplicatedStorage.VMs.Military PKM.LocalAnims.Inspect	rbxassetid://16487140562
ReplicatedStorage.VMs.Military PKM.LocalAnims.Shoot	rbxassetid://16487121752
ReplicatedStorage.VMs.Saw Bat.LocalAnims.Hit	rbxassetid://14753903836
ReplicatedStorage.VMs.Saw Bat.LocalAnims.Idle	rbxassetid://14753747589
ReplicatedStorage.VMs.Saw Bat.LocalAnims.Inspect	rbxassetid://14753755728
ReplicatedStorage.VMs.Saw Bat.LocalAnims.Miss	rbxassetid://14753829920
ReplicatedStorage.VMs.Saw Bat.LocalAnims.Equip	rbxassetid://14753765263
ReplicatedStorage.VMs.Saw Bat.LocalAnims.ThrowWindup	rbxassetid://14753924056
ReplicatedStorage.VMs.Saw Bat.LocalAnims.ThrowHold	rbxassetid://14753962771
ReplicatedStorage.VMs.Saw Bat.LocalAnims.Windup	rbxassetid://14753821942
ReplicatedStorage.VMs.Saw Bat.LocalAnims.Throw	rbxassetid://14753962771
ReplicatedStorage.VMs.Saw Bat.CameraAnims.Equip	rbxassetid://13824449779
ReplicatedStorage.VMs.Saw Bat.GlobalAnims.Equip	rbxassetid://12404717807
ReplicatedStorage.VMs.Saw Bat.GlobalAnims.Idle	rbxassetid://12404519685
ReplicatedStorage.VMs.Saw Bat.GlobalAnims.Throw	rbxassetid://12404755793
ReplicatedStorage.VMs.Saw Bat.GlobalAnims.Aim	rbxassetid://12404755793
ReplicatedStorage.VMs.Saw Bat.GlobalAnims.Swing1	rbxassetid://12404582634
ReplicatedStorage.VMs.Saw Bat.GlobalAnims.Swing2	rbxassetid://12404586561
ReplicatedStorage.VMs.Bruno's M4A1.GlobalAnims.Equip	rbxassetid://10982184970
ReplicatedStorage.VMs.Bruno's M4A1.GlobalAnims.Idle	rbxassetid://10982102481
ReplicatedStorage.VMs.Bruno's M4A1.GlobalAnims.Aim	rbxassetid://10982316984
ReplicatedStorage.VMs.Bruno's M4A1.LocalAnims.Equip	rbxassetid://15435529127
ReplicatedStorage.VMs.Bruno's M4A1.LocalAnims.Inspect	rbxassetid://15435570035
ReplicatedStorage.VMs.Bruno's M4A1.LocalAnims.Reload	rbxassetid://15435623751
ReplicatedStorage.VMs.Bruno's M4A1.LocalAnims.Shoot	rbxassetid://15435532750
ReplicatedStorage.VMs.Bruno's M4A1.LocalAnims.Idle	rbxassetid://15435532750
ReplicatedStorage.VMs.Bruno's M4A1.LocalAnims.SightFix	rbxassetid://15442290533
ReplicatedStorage.VMs.Bruno's M4A1.CameraAnims.Equip	rbxassetid://13824449779
ReplicatedStorage.VMs.Machete.LocalAnims.Hit	rbxassetid://16291366168
ReplicatedStorage.VMs.Machete.LocalAnims.Idle	rbxassetid://16291340052
ReplicatedStorage.VMs.Machete.LocalAnims.Inspect	rbxassetid://16291343338
ReplicatedStorage.VMs.Machete.LocalAnims.Miss	rbxassetid://16291351155
ReplicatedStorage.VMs.Machete.LocalAnims.Equip	rbxassetid://16291336720
ReplicatedStorage.VMs.Machete.LocalAnims.ThrowWindup	rbxassetid://16291353748
ReplicatedStorage.VMs.Machete.LocalAnims.ThrowHold	rbxassetid://16291886891
ReplicatedStorage.VMs.Machete.LocalAnims.Windup	rbxassetid://16291363603
ReplicatedStorage.VMs.Machete.LocalAnims.Throw	rbxassetid://16291886891
ReplicatedStorage.VMs.Machete.CameraAnims.Equip	rbxassetid://13824449779
ReplicatedStorage.VMs.Machete.GlobalAnims.Equip	rbxassetid://12404717807
ReplicatedStorage.VMs.Machete.GlobalAnims.Idle	rbxassetid://12404519685
ReplicatedStorage.VMs.Machete.GlobalAnims.Throw	rbxassetid://12404755793
ReplicatedStorage.VMs.Machete.GlobalAnims.Aim	rbxassetid://12404755793
ReplicatedStorage.VMs.Machete.GlobalAnims.Swing1	rbxassetid://12404582634
ReplicatedStorage.VMs.Machete.GlobalAnims.Swing2	rbxassetid://12404586561
ReplicatedStorage.VMs.Carrot Blade.LocalAnims.Hit	rbxassetid://11254599050
ReplicatedStorage.VMs.Carrot Blade.LocalAnims.Idle	rbxassetid://11254603653
ReplicatedStorage.VMs.Carrot Blade.LocalAnims.Inspect	rbxassetid://11254610632
ReplicatedStorage.VMs.Carrot Blade.LocalAnims.ThrowWindup	rbxassetid://12087089666
ReplicatedStorage.VMs.Carrot Blade.LocalAnims.Miss	rbxassetid://12097635857
ReplicatedStorage.VMs.Carrot Blade.LocalAnims.Equip	rbxassetid://11254620945
ReplicatedStorage.VMs.Carrot Blade.LocalAnims.Throw	rbxassetid://12086968738
ReplicatedStorage.VMs.Carrot Blade.LocalAnims.Windup	rbxassetid://11254713577
ReplicatedStorage.VMs.Carrot Blade.LocalAnims.ThrowHold	rbxassetid://12315210121
ReplicatedStorage.VMs.Carrot Blade.GlobalAnims.Equip	rbxassetid://12404717807
ReplicatedStorage.VMs.Carrot Blade.GlobalAnims.Idle	rbxassetid://12404519685
ReplicatedStorage.VMs.Carrot Blade.GlobalAnims.Throw	rbxassetid://12404755793
ReplicatedStorage.VMs.Carrot Blade.GlobalAnims.Aim	rbxassetid://12404755793
ReplicatedStorage.VMs.Carrot Blade.GlobalAnims.Swing1	rbxassetid://12404582634
ReplicatedStorage.VMs.Carrot Blade.GlobalAnims.Swing2	rbxassetid://12404586561
ReplicatedStorage.VMs.Carrot Blade.CameraAnims.Equip	rbxassetid://13824449779
ReplicatedStorage.VMs.Mining Drill.CameraAnims.Equip	rbxassetid://13824449779
ReplicatedStorage.VMs.Mining Drill.GlobalAnims.Idle	rbxassetid://10982102481
ReplicatedStorage.VMs.Mining Drill.GlobalAnims.Equip	rbxassetid://10982184970
ReplicatedStorage.VMs.Mining Drill.LocalAnims.Idle	rbxassetid://17293759024
ReplicatedStorage.VMs.Mining Drill.LocalAnims.WindupLoop	rbxassetid://17293721866
ReplicatedStorage.VMs.Mining Drill.LocalAnims.Equip	rbxassetid://17293764948
ReplicatedStorage.VMs.Chainsaw.CameraAnims.Equip	rbxassetid://13824449779
ReplicatedStorage.VMs.Chainsaw.GlobalAnims.Idle	rbxassetid://10982102481
ReplicatedStorage.VMs.Chainsaw.GlobalAnims.Equip	rbxassetid://10982184970
ReplicatedStorage.VMs.Chainsaw.LocalAnims.Idle	rbxassetid://17293422918
ReplicatedStorage.VMs.Chainsaw.LocalAnims.WindupLoop	rbxassetid://17293404371
ReplicatedStorage.VMs.Chainsaw.LocalAnims.Equip	rbxassetid://17293430835
ReplicatedStorage.VMs.Chainsaw.LocalAnims.Reload	rbxassetid://17293426037
ReplicatedStorage.VMs.Military MP7.LocalAnims.Idle	rbxassetid://17766851333
ReplicatedStorage.VMs.Military MP7.LocalAnims.Equip	rbxassetid://17766847963
ReplicatedStorage.VMs.Military MP7.LocalAnims.Reload	rbxassetid://17766833600
ReplicatedStorage.VMs.Military MP7.LocalAnims.Inspect	rbxassetid://17766840940
ReplicatedStorage.VMs.Military MP7.LocalAnims.Shoot	rbxassetid://17766851333
ReplicatedStorage.VMs.Military MP7.LocalAnims.Shootold	rbxassetid://17767250057
ReplicatedStorage.VMs.Military MP7.GlobalAnims.Equip	rbxassetid://10982184970
ReplicatedStorage.VMs.Military MP7.GlobalAnims.Idle	rbxassetid://10982102481
ReplicatedStorage.VMs.Military MP7.GlobalAnims.Aim	rbxassetid://10982316984
ReplicatedStorage.VMs.Military MP7.CameraAnims.Equip	rbxassetid://13824449779
ReplicatedStorage.VMs.Military MP7.CameraAnims.Reload	rbxassetid://13885646898
ReplicatedStorage.VMs.Red Keycard.LocalAnims.Use	rbxassetid://13956423938
ReplicatedStorage.VMs.Red Keycard.LocalAnims.Idle	rbxassetid://13956427413
ReplicatedStorage.VMs.Red Keycard.LocalAnims.Equip	rbxassetid://13956571659
ReplicatedStorage.VMs.Red Keycard.CameraAnims.Equip	rbxassetid://13824449779
ReplicatedStorage.VMs.Military USP.CameraAnims.Equip	rbxassetid://13824449779
ReplicatedStorage.VMs.Military USP.CameraAnims.Reload	rbxassetid://13885646898
ReplicatedStorage.VMs.Military USP.GlobalAnims.Equip	rbxassetid://10982184970
ReplicatedStorage.VMs.Military USP.GlobalAnims.Idle	rbxassetid://10982102481
ReplicatedStorage.VMs.Military USP.GlobalAnims.Aim	rbxassetid://10982316984
ReplicatedStorage.VMs.Military USP.LocalAnims.Idle	rbxassetid://12522326352
ReplicatedStorage.VMs.Military USP.LocalAnims.Equip	rbxassetid://12522337951
ReplicatedStorage.VMs.Military USP.LocalAnims.Reload	rbxassetid://12522315610
ReplicatedStorage.VMs.Military USP.LocalAnims.Inspect	rbxassetid://12522200642
ReplicatedStorage.VMs.Military USP.LocalAnims.Shoot	rbxassetid://96523967415718
ReplicatedStorage.VMs.Halloween Scythe.GlobalAnims.Equip	rbxassetid://12404717807
ReplicatedStorage.VMs.Halloween Scythe.GlobalAnims.Idle	rbxassetid://12404519685
ReplicatedStorage.VMs.Halloween Scythe.GlobalAnims.Throw	rbxassetid://12404755793
ReplicatedStorage.VMs.Halloween Scythe.GlobalAnims.Aim	rbxassetid://12404755793
ReplicatedStorage.VMs.Halloween Scythe.GlobalAnims.Swing1	rbxassetid://12404582634
ReplicatedStorage.VMs.Halloween Scythe.GlobalAnims.Swing2	rbxassetid://12404586561
ReplicatedStorage.VMs.Halloween Scythe.LocalAnims.Hit	rbxassetid://13327409098
ReplicatedStorage.VMs.Halloween Scythe.LocalAnims.Idle	rbxassetid://13327377006
ReplicatedStorage.VMs.Halloween Scythe.LocalAnims.Inspect	rbxassetid://13327416430
ReplicatedStorage.VMs.Halloween Scythe.LocalAnims.ThrowWindup	rbxassetid://13326920636
ReplicatedStorage.VMs.Halloween Scythe.LocalAnims.Miss	rbxassetid://13326904374
ReplicatedStorage.VMs.Halloween Scythe.LocalAnims.Equip	rbxassetid://13326900120
ReplicatedStorage.VMs.Halloween Scythe.LocalAnims.Throw	rbxassetid://13326927760
ReplicatedStorage.VMs.Halloween Scythe.LocalAnims.Windup	rbxassetid://13326914930
ReplicatedStorage.VMs.Halloween Scythe.LocalAnims.ThrowHold	rbxassetid://13326927760
ReplicatedStorage.VMs.Halloween Scythe.CameraAnims.Equip	rbxassetid://13824449779
ReplicatedStorage.VMs.Salvaged Shotgun.GlobalAnims.Equip	rbxassetid://10982184970
ReplicatedStorage.VMs.Salvaged Shotgun.GlobalAnims.Idle	rbxassetid://10982102481
ReplicatedStorage.VMs.Salvaged Shotgun.LocalAnims.Equip	rbxassetid://131870776267221
ReplicatedStorage.VMs.Salvaged Shotgun.LocalAnims.Light	rbxassetid://133968261920038
ReplicatedStorage.VMs.Salvaged Shotgun.LocalAnims.Idle	rbxassetid://72995644901984
ReplicatedStorage.VMs.Salvaged Shotgun.LocalAnims.Inspect	rbxassetid://84933068402315
ReplicatedStorage.VMs.Salvaged Shotgun.LocalAnims.Reload	rbxassetid://102019461344676
ReplicatedStorage.VMs.Salvaged Shotgun.CameraAnims.Equip	rbxassetid://13824449779
ReplicatedStorage.VMs.Salvaged Shotgun.CameraAnims.Reload	rbxassetid://13885646898
ReplicatedStorage.VMs.Salvaged Break Action.GlobalAnims.Aim	rbxassetid://10982316984
ReplicatedStorage.VMs.Salvaged Break Action.GlobalAnims.Equip	rbxassetid://10982184970
ReplicatedStorage.VMs.Salvaged Break Action.GlobalAnims.Idle	rbxassetid://10982102481
ReplicatedStorage.VMs.Salvaged Break Action.LocalAnims.Equip	rbxassetid://13975378175
ReplicatedStorage.VMs.Salvaged Break Action.LocalAnims.Reload	rbxassetid://13975340954
ReplicatedStorage.VMs.Salvaged Break Action.LocalAnims.Idle	rbxassetid://13975409679
ReplicatedStorage.VMs.Salvaged Break Action.LocalAnims.Inspect	rbxassetid://13975434038
ReplicatedStorage.VMs.Salvaged Break Action.CameraAnims.Equip	rbxassetid://13824449779
ReplicatedStorage.VMs.Salvaged Break Action.CameraAnims.Reload	rbxassetid://13885646898
ReplicatedStorage.VMs.Blueprint.GlobalAnims.Idle	rbxassetid://13734772923
ReplicatedStorage.VMs.Blueprint.GlobalAnims.Equip	rbxassetid://13734803430
ReplicatedStorage.VMs.Military Grenade Launcher.GlobalAnims.Aim	rbxassetid://10982316984
ReplicatedStorage.VMs.Military Grenade Launcher.GlobalAnims.Equip	rbxassetid://10982184970
ReplicatedStorage.VMs.Military Grenade Launcher.GlobalAnims.Idle	rbxassetid://10982102481
ReplicatedStorage.VMs.Military Grenade Launcher.CameraAnims.Equip	rbxassetid://13824449779
ReplicatedStorage.VMs.Military Grenade Launcher.LocalAnims.Idle	rbxassetid://140326279747478
ReplicatedStorage.VMs.Military Grenade Launcher.LocalAnims.Equip	rbxassetid://123224971801444
ReplicatedStorage.VMs.Military Grenade Launcher.LocalAnims.Inspect	rbxassetid://114050633809537
ReplicatedStorage.VMs.Military Grenade Launcher.LocalAnims.Shoot	rbxassetid://74802718135370
ReplicatedStorage.VMs.Military Grenade Launcher.LocalAnims.Reload1	rbxassetid://91952685534246
ReplicatedStorage.VMs.Military Grenade Launcher.LocalAnims.Reload2	rbxassetid://94356108553295
ReplicatedStorage.VMs.Military Grenade Launcher.LocalAnims.Reload3	rbxassetid://133913608950018
ReplicatedStorage.VMs.Black Keycard.LocalAnims.Use	rbxassetid://13956423938
ReplicatedStorage.VMs.Black Keycard.LocalAnims.Idle	rbxassetid://13956427413
ReplicatedStorage.VMs.Black Keycard.LocalAnims.Equip	rbxassetid://13956571659
ReplicatedStorage.VMs.Black Keycard.CameraAnims.Equip	rbxassetid://13824449779
ReplicatedStorage.VMs.Salvaged Grenade Launcher.CameraAnims.Equip	rbxassetid://13824449779
ReplicatedStorage.VMs.Salvaged Grenade Launcher.LocalAnims.Idle	rbxassetid://112882818317211
ReplicatedStorage.VMs.Salvaged Grenade Launcher.LocalAnims.Equip	rbxassetid://70585446035249
ReplicatedStorage.VMs.Salvaged Grenade Launcher.LocalAnims.Inspect	rbxassetid://88599504281373
ReplicatedStorage.VMs.Salvaged Grenade Launcher.LocalAnims.Shoot	rbxassetid://107924799713201
ReplicatedStorage.VMs.Salvaged Grenade Launcher.LocalAnims.Reload	rbxassetid://86919401341255
ReplicatedStorage.VMs.Salvaged Grenade Launcher.GlobalAnims.Aim	rbxassetid://10982316984
ReplicatedStorage.VMs.Salvaged Grenade Launcher.GlobalAnims.Equip	rbxassetid://10982184970
ReplicatedStorage.VMs.Salvaged Grenade Launcher.GlobalAnims.Idle	rbxassetid://10982102481
ReplicatedStorage.VMs.Wire Cutters.LocalAnims.Equip	rbxassetid://117405006736055
ReplicatedStorage.VMs.Wire Cutters.LocalAnims.Idle	rbxassetid://133616833248387
ReplicatedStorage.VMs.Wire Cutters.LocalAnims.WireCutter	rbxassetid://106169010693313
ReplicatedStorage.VMs.Wire Cutters.LocalAnims.Inspect	rbxassetid://134536396023659
ReplicatedStorage.VMs.Wire Cutters.GlobalAnims.Use	rbxassetid://14860445359
ReplicatedStorage.VMs.Wire Cutters.GlobalAnims.Idle	rbxassetid://2529244101
ReplicatedStorage.VMs.Wire Cutters.GlobalAnims.Equip	rbxassetid://2529246854
ReplicatedStorage.VMs.Wire Cutters.CameraAnims.Equip	rbxassetid://13824449779
ReplicatedStorage.VMs.Salvaged Double Barrel.GlobalAnims.Aim	rbxassetid://10982316984
ReplicatedStorage.VMs.Salvaged Double Barrel.GlobalAnims.Equip	rbxassetid://10982184970
ReplicatedStorage.VMs.Salvaged Double Barrel.GlobalAnims.Idle	rbxassetid://10982102481
ReplicatedStorage.VMs.Salvaged Double Barrel.LocalAnims.Equip	rbxassetid://84783032215478
ReplicatedStorage.VMs.Salvaged Double Barrel.LocalAnims.Reload	rbxassetid://97601710279998
ReplicatedStorage.VMs.Salvaged Double Barrel.LocalAnims.Idle	rbxassetid://126786002630099
ReplicatedStorage.VMs.Salvaged Double Barrel.LocalAnims.Inspect	rbxassetid://86800914023444
ReplicatedStorage.VMs.Salvaged Double Barrel.CameraAnims.Equip	rbxassetid://13824449779
ReplicatedStorage.VMs.Salvaged Double Barrel.CameraAnims.Reload	rbxassetid://13885646898
ReplicatedStorage.VMs.Military M39.GlobalAnims.Equip	rbxassetid://10982184970
ReplicatedStorage.VMs.Military M39.GlobalAnims.Idle	rbxassetid://10982102481
ReplicatedStorage.VMs.Military M39.GlobalAnims.Aim	rbxassetid://10982316984
ReplicatedStorage.VMs.Military M39.LocalAnims.Equip	rbxassetid://76090728842149
ReplicatedStorage.VMs.Military M39.LocalAnims.Reload	rbxassetid://117764005979607
ReplicatedStorage.VMs.Military M39.LocalAnims.Shoot	rbxassetid://102880815400501
ReplicatedStorage.VMs.Military M39.LocalAnims.Idle	rbxassetid://116186830802406
ReplicatedStorage.VMs.Military M39.LocalAnims.Inspect	rbxassetid://85821031583482
ReplicatedStorage.VMs.Military M39.CameraAnims.Equip	rbxassetid://13824449779
ReplicatedStorage.VMs.Military M39.CameraAnims.Reload	rbxassetid://13885646898
ReplicatedStorage.VMs.Admin Tool.LocalAnims.Hit	rbxassetid://14753903836
ReplicatedStorage.VMs.Admin Tool.LocalAnims.Idle	rbxassetid://14753747589
ReplicatedStorage.VMs.Admin Tool.LocalAnims.Inspect	rbxassetid://14753755728
ReplicatedStorage.VMs.Admin Tool.LocalAnims.Miss	rbxassetid://14753829920
ReplicatedStorage.VMs.Admin Tool.LocalAnims.Equip	rbxassetid://14753765263
ReplicatedStorage.VMs.Admin Tool.LocalAnims.ThrowWindup	rbxassetid://14753924056
ReplicatedStorage.VMs.Admin Tool.LocalAnims.ThrowHold	rbxassetid://14753962771
ReplicatedStorage.VMs.Admin Tool.LocalAnims.Windup	rbxassetid://14753821942
ReplicatedStorage.VMs.Admin Tool.LocalAnims.Throw	rbxassetid://14753962771
ReplicatedStorage.VMs.Admin Tool.GlobalAnims.Equip	rbxassetid://12404717807
ReplicatedStorage.VMs.Admin Tool.GlobalAnims.Idle	rbxassetid://12404519685
ReplicatedStorage.VMs.Admin Tool.GlobalAnims.Swing1	rbxassetid://12404582634
ReplicatedStorage.VMs.Admin Tool.GlobalAnims.Swing2	rbxassetid://12404586561
ReplicatedStorage.VMs.Admin Tool.CameraAnims.Equip	rbxassetid://13824449779
StarterPlayer.StarterPlayerScripts.StateAssetController.Animations.Idle	rbxassetid://10976840199
StarterPlayer.StarterPlayerScripts.StateAssetController.Animations.Backward	rbxassetid://10976855782
StarterPlayer.StarterPlayerScripts.StateAssetController.Animations.Forward	rbxassetid://10976858264
StarterPlayer.StarterPlayerScripts.StateAssetController.Animations.Left	rbxassetid://10976863741
StarterPlayer.StarterPlayerScripts.StateAssetController.Animations.Right	rbxassetid://10976866578
StarterPlayer.StarterPlayerScripts.StateAssetController.Animations.Sprint	rbxassetid://10976869491
StarterPlayer.StarterPlayerScripts.StateAssetController.Animations.SprintLeft	rbxassetid://2128761345
StarterPlayer.StarterPlayerScripts.StateAssetController.Animations.SprintRight	rbxassetid://2128762025
StarterPlayer.StarterPlayerScripts.StateAssetController.Animations.CrouchForward	rbxassetid://2904653470
StarterPlayer.StarterPlayerScripts.StateAssetController.Animations.CrouchIdle	rbxassetid://2904653470
StarterPlayer.StarterPlayerScripts.StateAssetController.Animations.CrouchBackward	rbxassetid://2904653470
StarterPlayer.StarterPlayerScripts.StateAssetController.Animations.CrouchLeft	rbxassetid://2904653470
StarterPlayer.StarterPlayerScripts.StateAssetController.Animations.CrouchRight	rbxassetid://2904653470
StarterPlayer.StarterPlayerScripts.StateAssetController.Animations.Swim	rbxassetid://913384386
StarterPlayer.StarterPlayerScripts.StateAssetController.Animations.SwimIdle	rbxassetid://913389285
StarterPlayer.StarterPlayerScripts.StateAssetController.Animations.Down	rbxassetid://13435049596
StarterPlayer.StarterPlayerScripts.StateAssetController.Animations.DownFall	rbxassetid://13435061543
StarterPlayer.StarterPlayerScripts.StateAssetController.Animations.Sit	http://www.roblox.com/asset/?id=2506281703
StarterPlayer.StarterPlayerScripts.StateAssetController.Animations.SitPilot	rbxassetid://134970817907270
